date,region,resource_type,usage_cpu,usage_storage,users_active,econ_index,cloud_market_demand,holiday
2023-01-01,eastus,VM,88,1959,470,104.97,0.99,True
2023-01-01,westus,Container,52,1832,457,104.97,0.99,True
2023-01-01,westus,Storage,85,1371,351,104.97,0.99,True
2023-01-01,westus,VM,60,1982,287,104.97,0.99,True
2023-01-01,southeastasia,Storage,76,1582,369,104.97,0.99,True
2023-01-01,southeastasia,VM,93,1356,248,104.97,0.99,True
2023-01-01,southeastasia,Container,77,1199,470,104.97,0.99,True
2023-01-01,northeurope,Storage,51,1715,476,104.97,0.99,True
2023-01-01,northeurope,VM,73,1937,493,104.97,0.99,True
2023-01-01,eastus,Container,70,621,414,104.97,0.99,True
2023-01-01,eastus,Storage,92,1595,388,104.97,0.99,True
2023-01-01,northeurope,Container,82,959,221,104.97,0.99,True
2023-01-02,southeastasia,Storage,55,1065,305,106.48,1.15,False
2023-01-02,westus,Container,99,1276,252,106.48,1.15,False
2023-01-02,westus,Storage,53,1100,213,106.48,1.15,False
2023-01-02,westus,VM,58,666,473,106.48,1.15,False
2023-01-02,southeastasia,Container,53,1202,417,106.48,1.15,False
2023-01-02,southeastasia,VM,66,1911,201,106.48,1.15,False
2023-01-02,eastus,Container,86,1146,220,106.48,1.15,False
2023-01-02,northeurope,Storage,96,1455,463,106.48,1.15,False
2023-01-02,northeurope,VM,51,1863,291,106.48,1.15,False
2023-01-02,eastus,Storage,93,1767,330,106.48,1.15,False
2023-01-02,eastus,VM,96,1457,250,106.48,1.15,False
2023-01-02,northeurope,Container,96,534,405,106.48,1.15,False
2023-01-03,southeastasia,Storage,66,891,362,97.66,0.98,False
2023-01-03,westus,Container,73,716,451,97.66,0.98,False
2023-01-03,westus,Storage,67,1378,252,97.66,0.98,False
2023-01-03,westus,VM,89,1219,436,97.66,0.98,False
2023-01-03,southeastasia,VM,73,1586,338,97.66,0.98,False
2023-01-03,southeastasia,Container,84,788,460,97.66,0.98,False
2023-01-03,northeurope,Storage,64,564,208,97.66,0.98,False
2023-01-03,northeurope,VM,94,1564,356,97.66,0.98,False
2023-01-03,northeurope,Container,73,1652,335,97.66,0.98,False
2023-01-03,eastus,Container,57,1985,414,97.66,0.98,False
2023-01-03,eastus,Storage,85,769,470,97.66,0.98,False
2023-01-03,eastus,VM,93,661,401,97.66,0.98,False
2023-01-04,westus,Storage,73,1304,298,115.79,1.08,False
2023-01-04,westus,VM,97,1002,261,115.79,1.08,False
2023-01-04,southeastasia,Container,81,1242,440,115.79,1.08,False
2023-01-04,southeastasia,Storage,75,1391,378,115.79,1.08,False
2023-01-04,southeastasia,VM,58,706,214,115.79,1.08,False
2023-01-04,westus,Container,93,1225,234,115.79,1.08,False
2023-01-04,northeurope,Storage,50,1528,417,115.79,1.08,False
2023-01-04,northeurope,VM,50,1112,330,115.79,1.08,False
2023-01-04,eastus,Container,57,1279,232,115.79,1.08,False
2023-01-04,eastus,Storage,77,634,400,115.79,1.08,False
2023-01-04,eastus,VM,91,730,240,115.79,1.08,False
2023-01-04,northeurope,Container,63,1370,482,115.79,1.08,False
2023-01-05,westus,Container,94,1512,333,95.31,1.05,False
2023-01-05,westus,Storage,77,1077,369,95.31,1.05,False
2023-01-05,westus,VM,56,1766,285,95.31,1.05,False
2023-01-05,southeastasia,Container,57,1934,336,95.31,1.05,False
2023-01-05,southeastasia,Storage,62,1782,397,95.31,1.05,False
2023-01-05,southeastasia,VM,82,1908,482,95.31,1.05,False
2023-01-05,northeurope,Container,60,1871,430,95.31,1.05,False
2023-01-05,northeurope,VM,77,1551,307,95.31,1.05,False
2023-01-05,eastus,Container,85,1024,359,95.31,1.05,False
2023-01-05,eastus,Storage,94,1694,228,95.31,1.05,False
2023-01-05,eastus,VM,81,984,430,95.31,1.05,False
2023-01-05,northeurope,Storage,93,1863,485,95.31,1.05,False
2023-01-06,southeastasia,Storage,75,1939,446,95.37,0.95,False
2023-01-06,westus,Container,86,1451,280,95.37,0.95,False
2023-01-06,westus,Storage,61,1909,312,95.37,0.95,False
2023-01-06,westus,VM,98,941,251,95.37,0.95,False
2023-01-06,southeastasia,VM,51,1576,371,95.37,0.95,False
2023-01-06,southeastasia,Container,53,1962,402,95.37,0.95,False
2023-01-06,northeurope,Storage,77,1354,423,95.37,0.95,False
2023-01-06,eastus,VM,86,1748,433,95.37,0.95,False
2023-01-06,eastus,Storage,93,1163,359,95.37,0.95,False
2023-01-06,northeurope,Container,82,884,325,95.37,0.95,False
2023-01-06,northeurope,VM,98,501,329,95.37,0.95,False
2023-01-06,eastus,Container,81,1995,432,95.37,0.95,False
2023-01-07,westus,Container,69,1263,346,102.42,0.81,True
2023-01-07,westus,Storage,55,963,458,102.42,0.81,True
2023-01-07,westus,VM,65,1108,400,102.42,0.81,True
2023-01-07,southeastasia,Container,56,643,311,102.42,0.81,True
2023-01-07,southeastasia,VM,60,972,350,102.42,0.81,True
2023-01-07,southeastasia,Storage,80,1821,298,102.42,0.81,True
2023-01-07,northeurope,Storage,90,1428,327,102.42,0.81,True
2023-01-07,northeurope,VM,69,1363,398,102.42,0.81,True
2023-01-07,eastus,Container,55,1481,439,102.42,0.81,True
2023-01-07,eastus,Storage,73,1383,297,102.42,0.81,True
2023-01-07,eastus,VM,66,1266,493,102.42,0.81,True
2023-01-07,northeurope,Container,88,837,328,102.42,0.81,True
2023-01-08,southeastasia,Storage,74,1413,393,82.75,0.94,True
2023-01-08,westus,Container,69,651,253,82.75,0.94,True
2023-01-08,westus,Storage,97,707,330,82.75,0.94,True
2023-01-08,westus,VM,90,1622,346,82.75,0.94,True
2023-01-08,southeastasia,Container,84,1456,368,82.75,0.94,True
2023-01-08,southeastasia,VM,97,1009,298,82.75,0.94,True
2023-01-08,eastus,Storage,61,952,236,82.75,0.94,True
2023-01-08,northeurope,Storage,98,1943,303,82.75,0.94,True
2023-01-08,northeurope,VM,82,1127,274,82.75,0.94,True
2023-01-08,eastus,Container,81,1514,208,82.75,0.94,True
2023-01-08,eastus,VM,98,501,453,82.75,0.94,True
2023-01-08,northeurope,Container,69,753,426,82.75,0.94,True
2023-01-09,southeastasia,VM,77,1378,346,89.87,1.03,False
2023-01-09,westus,Storage,82,1187,221,89.87,1.03,False
2023-01-09,westus,VM,52,900,327,89.87,1.03,False
2023-01-09,southeastasia,Container,98,516,371,89.87,1.03,False
2023-01-09,southeastasia,Storage,53,1046,391,89.87,1.03,False
2023-01-09,westus,Container,95,537,429,89.87,1.03,False
2023-01-09,northeurope,Container,70,1297,296,89.87,1.03,False
2023-01-09,northeurope,VM,94,1062,463,89.87,1.03,False
2023-01-09,eastus,Container,97,1915,334,89.87,1.03,False
2023-01-09,eastus,Storage,82,897,476,89.87,1.03,False
2023-01-09,eastus,VM,85,660,267,89.87,1.03,False
2023-01-09,northeurope,Storage,76,526,425,89.87,1.03,False
2023-01-10,westus,Container,70,1427,360,90.92,0.86,False
2023-01-10,westus,Storage,82,1639,390,90.92,0.86,False
2023-01-10,westus,VM,80,1622,387,90.92,0.86,False
2023-01-10,southeastasia,Container,89,1916,498,90.92,0.86,False
2023-01-10,southeastasia,Storage,51,654,472,90.92,0.86,False
2023-01-10,southeastasia,VM,99,1811,350,90.92,0.86,False
2023-01-10,northeurope,Storage,74,1065,257,90.92,0.86,False
2023-01-10,northeurope,VM,52,627,217,90.92,0.86,False
2023-01-10,eastus,Container,86,779,380,90.92,0.86,False
2023-01-10,eastus,Storage,55,598,432,90.92,0.86,False
2023-01-10,eastus,VM,77,657,245,90.92,0.86,False
2023-01-10,northeurope,Container,52,1185,479,90.92,0.86,False
2023-01-11,southeastasia,Storage,71,804,379,114.66,0.98,False
2023-01-11,westus,Container,61,970,342,114.66,0.98,False
2023-01-11,westus,Storage,95,899,341,114.66,0.98,False
2023-01-11,westus,VM,69,820,463,114.66,0.98,False
2023-01-11,southeastasia,Container,91,1337,470,114.66,0.98,False
2023-01-11,southeastasia,VM,71,813,257,114.66,0.98,False
2023-01-11,eastus,VM,97,1562,369,114.66,0.98,False
2023-01-11,northeurope,Storage,72,1353,250,114.66,0.98,False
2023-01-11,northeurope,VM,77,1877,487,114.66,0.98,False
2023-01-11,eastus,Container,56,535,372,114.66,0.98,False
2023-01-11,eastus,Storage,75,1420,212,114.66,0.98,False
2023-01-11,northeurope,Container,74,1074,389,114.66,0.98,False
2023-01-12,southeastasia,Storage,50,1301,295,100.68,0.86,False
2023-01-12,westus,Container,62,869,323,100.68,0.86,False
2023-01-12,westus,Storage,84,1322,343,100.68,0.86,False
2023-01-12,westus,VM,53,1273,246,100.68,0.86,False
2023-01-12,southeastasia,Container,97,987,436,100.68,0.86,False
2023-01-12,southeastasia,VM,58,1512,328,100.68,0.86,False
2023-01-12,eastus,Container,93,504,302,100.68,0.86,False
2023-01-12,northeurope,Storage,68,1581,428,100.68,0.86,False
2023-01-12,northeurope,VM,91,1156,319,100.68,0.86,False
2023-01-12,northeurope,Container,75,616,478,100.68,0.86,False
2023-01-12,eastus,Storage,82,763,252,100.68,0.86,False
2023-01-12,eastus,VM,92,943,300,100.68,0.86,False
2023-01-13,westus,Storage,65,1958,285,94.56,1.01,False
2023-01-13,westus,VM,52,1599,353,94.56,1.01,False
2023-01-13,southeastasia,Container,59,1623,489,94.56,1.01,False
2023-01-13,southeastasia,Storage,79,856,222,94.56,1.01,False
2023-01-13,southeastasia,VM,85,1812,453,94.56,1.01,False
2023-01-13,westus,Container,78,1743,268,94.56,1.01,False
2023-01-13,northeurope,Storage,95,1457,403,94.56,1.01,False
2023-01-13,northeurope,VM,96,1508,293,94.56,1.01,False
2023-01-13,eastus,Container,71,1360,446,94.56,1.01,False
2023-01-13,eastus,Storage,88,1203,268,94.56,1.01,False
2023-01-13,eastus,VM,50,1795,388,94.56,1.01,False
2023-01-13,northeurope,Container,65,717,238,94.56,1.01,False
2023-01-14,westus,Container,61,1189,362,88.49,1.04,True
2023-01-14,westus,Storage,76,1351,351,88.49,1.04,True
2023-01-14,westus,VM,51,996,359,88.49,1.04,True
2023-01-14,southeastasia,Container,99,534,414,88.49,1.04,True
2023-01-14,southeastasia,Storage,80,1825,452,88.49,1.04,True
2023-01-14,southeastasia,VM,93,784,211,88.49,1.04,True
2023-01-14,northeurope,Container,82,1691,242,88.49,1.04,True
2023-01-14,northeurope,VM,82,1456,378,88.49,1.04,True
2023-01-14,eastus,Container,65,1291,446,88.49,1.04,True
2023-01-14,eastus,Storage,81,1268,203,88.49,1.04,True
2023-01-14,eastus,VM,80,1261,346,88.49,1.04,True
2023-01-14,northeurope,Storage,92,1791,264,88.49,1.04,True
2023-01-15,southeastasia,Container,98,778,416,93.99,0.97,True
2023-01-15,westus,Container,70,1520,448,93.99,0.97,True
2023-01-15,westus,Storage,94,1598,416,93.99,0.97,True
2023-01-15,westus,VM,56,1719,313,93.99,0.97,True
2023-01-15,southeastasia,Storage,81,536,467,93.99,0.97,True
2023-01-15,southeastasia,VM,73,1162,389,93.99,0.97,True
2023-01-15,northeurope,Storage,84,1622,235,93.99,0.97,True
2023-01-15,northeurope,VM,85,1917,391,93.99,0.97,True
2023-01-15,eastus,Container,83,614,304,93.99,0.97,True
2023-01-15,eastus,Storage,78,1469,289,93.99,0.97,True
2023-01-15,eastus,VM,66,589,463,93.99,0.97,True
2023-01-15,northeurope,Container,67,1508,295,93.99,0.97,True
2023-01-16,westus,Container,68,575,464,93.98,1.19,False
2023-01-16,westus,Storage,61,944,432,93.98,1.19,False
2023-01-16,southeastasia,Container,91,1709,422,93.98,1.19,False
2023-01-16,southeastasia,Storage,88,608,380,93.98,1.19,False
2023-01-16,southeastasia,VM,70,1674,343,93.98,1.19,False
2023-01-16,westus,VM,68,676,299,93.98,1.19,False
2023-01-16,northeurope,Storage,68,1890,343,93.98,1.19,False
2023-01-16,northeurope,VM,56,1217,422,93.98,1.19,False
2023-01-16,eastus,Container,97,1228,386,93.98,1.19,False
2023-01-16,eastus,Storage,66,561,283,93.98,1.19,False
2023-01-16,eastus,VM,84,1372,485,93.98,1.19,False
2023-01-16,northeurope,Container,54,1622,224,93.98,1.19,False
2023-01-17,westus,Container,89,669,482,99.87,0.89,False
2023-01-17,westus,Storage,87,1697,340,99.87,0.89,False
2023-01-17,westus,VM,59,1453,452,99.87,0.89,False
2023-01-17,southeastasia,Container,80,944,381,99.87,0.89,False
2023-01-17,southeastasia,Storage,85,1593,451,99.87,0.89,False
2023-01-17,southeastasia,VM,56,716,331,99.87,0.89,False
2023-01-17,northeurope,VM,51,528,364,99.87,0.89,False
2023-01-17,northeurope,Storage,87,838,335,99.87,0.89,False
2023-01-17,eastus,Container,96,1087,208,99.87,0.89,False
2023-01-17,eastus,Storage,78,734,345,99.87,0.89,False
2023-01-17,eastus,VM,54,1686,414,99.87,0.89,False
2023-01-17,northeurope,Container,97,1888,344,99.87,0.89,False
2023-01-18,southeastasia,Container,86,1750,346,108.23,0.88,False
2023-01-18,westus,VM,99,1743,325,108.23,0.88,False
2023-01-18,southeastasia,Storage,70,702,451,108.23,0.88,False
2023-01-18,westus,Container,52,847,389,108.23,0.88,False
2023-01-18,westus,Storage,69,975,200,108.23,0.88,False
2023-01-18,southeastasia,VM,96,1672,279,108.23,0.88,False
2023-01-18,eastus,VM,88,590,401,108.23,0.88,False
2023-01-18,northeurope,Storage,55,557,243,108.23,0.88,False
2023-01-18,northeurope,VM,98,1932,316,108.23,0.88,False
2023-01-18,eastus,Container,52,672,340,108.23,0.88,False
2023-01-18,eastus,Storage,75,538,325,108.23,0.88,False
2023-01-18,northeurope,Container,94,1171,372,108.23,0.88,False
2023-01-19,westus,Container,57,857,355,102.09,0.8,False
2023-01-19,westus,Storage,59,1235,471,102.09,0.8,False
2023-01-19,westus,VM,52,1155,211,102.09,0.8,False
2023-01-19,southeastasia,Container,62,1231,439,102.09,0.8,False
2023-01-19,southeastasia,Storage,58,1428,411,102.09,0.8,False
2023-01-19,southeastasia,VM,85,1001,344,102.09,0.8,False
2023-01-19,northeurope,Storage,75,1197,377,102.09,0.8,False
2023-01-19,northeurope,VM,57,1645,363,102.09,0.8,False
2023-01-19,eastus,Container,64,1938,200,102.09,0.8,False
2023-01-19,eastus,Storage,90,1828,213,102.09,0.8,False
2023-01-19,eastus,VM,69,1964,246,102.09,0.8,False
2023-01-19,northeurope,Container,77,1231,240,102.09,0.8,False
2023-01-20,southeastasia,Storage,90,1622,205,86.72,1.02,False
2023-01-20,westus,Container,82,873,264,86.72,1.02,False
2023-01-20,westus,Storage,94,1528,318,86.72,1.02,False
2023-01-20,westus,VM,79,1765,450,86.72,1.02,False
2023-01-20,southeastasia,Container,77,1208,332,86.72,1.02,False
2023-01-20,southeastasia,VM,98,1984,297,86.72,1.02,False
2023-01-20,eastus,VM,78,1408,245,86.72,1.02,False
2023-01-20,northeurope,Storage,98,1352,481,86.72,1.02,False
2023-01-20,northeurope,VM,67,723,438,86.72,1.02,False
2023-01-20,eastus,Container,54,949,209,86.72,1.02,False
2023-01-20,eastus,Storage,84,1776,281,86.72,1.02,False
2023-01-20,northeurope,Container,74,1326,482,86.72,1.02,False
2023-01-21,southeastasia,Storage,50,1577,435,107.38,1.02,True
2023-01-21,westus,Container,50,1380,487,107.38,1.02,True
2023-01-21,westus,Storage,94,1216,459,107.38,1.02,True
2023-01-21,westus,VM,70,1601,200,107.38,1.02,True
2023-01-21,southeastasia,Container,54,1489,421,107.38,1.02,True
2023-01-21,southeastasia,VM,52,1829,467,107.38,1.02,True
2023-01-21,eastus,VM,87,1270,222,107.38,1.02,True
2023-01-21,northeurope,Storage,57,653,449,107.38,1.02,True
2023-01-21,northeurope,VM,83,1871,294,107.38,1.02,True
2023-01-21,eastus,Container,59,582,344,107.38,1.02,True
2023-01-21,eastus,Storage,86,1176,401,107.38,1.02,True
2023-01-21,northeurope,Container,83,937,317,107.38,1.02,True
2023-01-22,westus,Container,87,1829,297,98.84,0.97,True
2023-01-22,westus,Storage,87,1263,425,98.84,0.97,True
2023-01-22,westus,VM,60,934,302,98.84,0.97,True
2023-01-22,southeastasia,Container,69,1483,268,98.84,0.97,True
2023-01-22,southeastasia,Storage,66,1853,472,98.84,0.97,True
2023-01-22,southeastasia,VM,78,1399,337,98.84,0.97,True
2023-01-22,northeurope,Storage,87,1483,229,98.84,0.97,True
2023-01-22,northeurope,VM,67,1297,448,98.84,0.97,True
2023-01-22,eastus,Container,86,1352,265,98.84,0.97,True
2023-01-22,eastus,Storage,96,1418,406,98.84,0.97,True
2023-01-22,eastus,VM,66,1123,454,98.84,0.97,True
2023-01-22,northeurope,Container,91,580,332,98.84,0.97,True
2023-01-23,southeastasia,Storage,91,1033,200,85.21,0.93,False
2023-01-23,westus,Container,53,859,383,85.21,0.93,False
2023-01-23,westus,Storage,60,1897,207,85.21,0.93,False
2023-01-23,westus,VM,72,1706,294,85.21,0.93,False
2023-01-23,southeastasia,Container,54,732,211,85.21,0.93,False
2023-01-23,southeastasia,VM,68,1528,291,85.21,0.93,False
2023-01-23,eastus,Container,60,610,448,85.21,0.93,False
2023-01-23,northeurope,Storage,76,592,359,85.21,0.93,False
2023-01-23,eastus,VM,83,552,404,85.21,0.93,False
2023-01-23,eastus,Storage,92,542,439,85.21,0.93,False
2023-01-23,northeurope,Container,99,560,321,85.21,0.93,False
2023-01-23,northeurope,VM,74,1718,394,85.21,0.93,False
2023-01-24,westus,Container,97,836,225,95.39,1.11,False
2023-01-24,westus,Storage,96,1579,306,95.39,1.11,False
2023-01-24,westus,VM,96,1644,413,95.39,1.11,False
2023-01-24,southeastasia,Storage,72,577,415,95.39,1.11,False
2023-01-24,southeastasia,VM,71,1025,227,95.39,1.11,False
2023-01-24,southeastasia,Container,51,864,353,95.39,1.11,False
2023-01-24,northeurope,Storage,98,1776,379,95.39,1.11,False
2023-01-24,northeurope,VM,85,1780,207,95.39,1.11,False
2023-01-24,eastus,Container,94,1596,481,95.39,1.11,False
2023-01-24,eastus,Storage,98,1601,417,95.39,1.11,False
2023-01-24,eastus,VM,75,1569,233,95.39,1.11,False
2023-01-24,northeurope,Container,64,802,326,95.39,1.11,False
2023-01-25,southeastasia,Storage,90,608,345,103.44,0.82,False
2023-01-25,westus,Container,59,1562,472,103.44,0.82,False
2023-01-25,westus,Storage,74,984,227,103.44,0.82,False
2023-01-25,westus,VM,84,1538,391,103.44,0.82,False
2023-01-25,southeastasia,Container,96,727,310,103.44,0.82,False
2023-01-25,southeastasia,VM,53,1917,266,103.44,0.82,False
2023-01-25,eastus,Storage,52,1418,437,103.44,0.82,False
2023-01-25,northeurope,Storage,93,1036,344,103.44,0.82,False
2023-01-25,northeurope,VM,88,585,325,103.44,0.82,False
2023-01-25,eastus,Container,92,1797,493,103.44,0.82,False
2023-01-25,eastus,VM,63,1198,206,103.44,0.82,False
2023-01-25,northeurope,Container,62,1735,224,103.44,0.82,False
2023-01-26,southeastasia,Storage,89,728,235,103.24,0.96,False
2023-01-26,westus,Container,82,1960,349,103.24,0.96,False
2023-01-26,westus,Storage,83,1966,428,103.24,0.96,False
2023-01-26,westus,VM,55,1191,481,103.24,0.96,False
2023-01-26,southeastasia,VM,52,742,230,103.24,0.96,False
2023-01-26,southeastasia,Container,73,1746,205,103.24,0.96,False
2023-01-26,northeurope,Storage,79,1342,294,103.24,0.96,False
2023-01-26,northeurope,VM,70,1123,203,103.24,0.96,False
2023-01-26,northeurope,Container,73,1322,336,103.24,0.96,False
2023-01-26,eastus,Container,68,924,300,103.24,0.96,False
2023-01-26,eastus,Storage,57,1892,435,103.24,0.96,False
2023-01-26,eastus,VM,71,533,310,103.24,0.96,False
2023-01-27,westus,Storage,57,1549,372,93.23,1.06,False
2023-01-27,westus,VM,51,1346,402,93.23,1.06,False
2023-01-27,southeastasia,Container,82,1401,377,93.23,1.06,False
2023-01-27,southeastasia,Storage,86,638,458,93.23,1.06,False
2023-01-27,southeastasia,VM,63,819,237,93.23,1.06,False
2023-01-27,westus,Container,93,825,317,93.23,1.06,False
2023-01-27,northeurope,Storage,69,612,339,93.23,1.06,False
2023-01-27,northeurope,VM,53,1223,424,93.23,1.06,False
2023-01-27,eastus,Container,98,1003,261,93.23,1.06,False
2023-01-27,eastus,Storage,60,503,333,93.23,1.06,False
2023-01-27,eastus,VM,51,967,419,93.23,1.06,False
2023-01-27,northeurope,Container,96,500,289,93.23,1.06,False
2023-01-28,westus,Container,84,1618,268,110.31,1.09,True
2023-01-28,westus,Storage,60,1410,237,110.31,1.09,True
2023-01-28,westus,VM,58,1284,464,110.31,1.09,True
2023-01-28,southeastasia,Container,70,1688,204,110.31,1.09,True
2023-01-28,southeastasia,Storage,63,1297,490,110.31,1.09,True
2023-01-28,southeastasia,VM,78,1372,428,110.31,1.09,True
2023-01-28,northeurope,Container,50,1819,259,110.31,1.09,True
2023-01-28,northeurope,VM,93,833,336,110.31,1.09,True
2023-01-28,eastus,Container,89,820,300,110.31,1.09,True
2023-01-28,eastus,Storage,93,1397,212,110.31,1.09,True
2023-01-28,eastus,VM,59,760,337,110.31,1.09,True
2023-01-28,northeurope,Storage,83,1087,234,110.31,1.09,True
2023-01-29,southeastasia,Storage,57,1053,214,91.61,0.97,True
2023-01-29,westus,Container,87,1546,262,91.61,0.97,True
2023-01-29,westus,Storage,89,1299,378,91.61,0.97,True
2023-01-29,westus,VM,67,795,494,91.61,0.97,True
2023-01-29,southeastasia,Container,96,1812,430,91.61,0.97,True
2023-01-29,southeastasia,VM,55,1078,378,91.61,0.97,True
2023-01-29,eastus,Container,74,1565,288,91.61,0.97,True
2023-01-29,northeurope,Storage,66,1748,303,91.61,0.97,True
2023-01-29,northeurope,Container,89,1562,397,91.61,0.97,True
2023-01-29,eastus,Storage,75,1073,331,91.61,0.97,True
2023-01-29,eastus,VM,68,1902,277,91.61,0.97,True
2023-01-29,northeurope,VM,64,1492,352,91.61,0.97,True
2023-01-30,southeastasia,Container,85,1815,481,103.31,1.1,False
2023-01-30,eastus,VM,76,919,356,103.31,1.1,False
2023-01-30,eastus,Storage,87,1964,296,103.31,1.1,False
2023-01-30,eastus,Container,86,1934,488,103.31,1.1,False
2023-01-30,northeurope,VM,94,715,383,103.31,1.1,False
2023-01-30,northeurope,Storage,64,1680,335,103.31,1.1,False
2023-01-30,northeurope,Container,54,1680,246,103.31,1.1,False
2023-01-30,southeastasia,VM,53,1343,372,103.31,1.1,False
2023-01-30,southeastasia,Storage,51,1934,294,103.31,1.1,False
2023-01-30,westus,VM,53,1097,209,103.31,1.1,False
2023-01-30,westus,Storage,54,1364,317,103.31,1.1,False
2023-01-30,westus,Container,87,1682,427,103.31,1.1,False
2023-01-31,westus,VM,55,1211,222,95.21,0.98,False
2023-01-31,westus,Storage,96,845,417,95.21,0.98,False
2023-01-31,eastus,Container,59,1371,237,95.21,0.98,False
2023-01-31,southeastasia,Container,58,1513,250,95.21,0.98,False
2023-01-31,westus,Container,62,1457,409,95.21,0.98,False
2023-01-31,southeastasia,Storage,98,1103,486,95.21,0.98,False
2023-01-31,eastus,VM,92,1806,268,95.21,0.98,False
2023-01-31,northeurope,Container,61,1503,332,95.21,0.98,False
2023-01-31,northeurope,Storage,89,1327,370,95.21,0.98,False
2023-01-31,northeurope,VM,74,1492,310,95.21,0.98,False
2023-01-31,eastus,Storage,69,510,453,95.21,0.98,False
2023-01-31,southeastasia,VM,86,626,305,95.21,0.98,False
2023-02-01,westus,VM,85,1705,200,88.94,0.88,False
2023-02-01,westus,Storage,89,1160,336,88.94,0.88,False
2023-02-01,eastus,Container,95,1928,309,88.94,0.88,False
2023-02-01,southeastasia,Container,55,1684,376,88.94,0.88,False
2023-02-01,westus,Container,59,1959,316,88.94,0.88,False
2023-02-01,southeastasia,Storage,73,524,379,88.94,0.88,False
2023-02-01,eastus,VM,78,1985,495,88.94,0.88,False
2023-02-01,northeurope,Container,51,1733,216,88.94,0.88,False
2023-02-01,northeurope,Storage,74,574,493,88.94,0.88,False
2023-02-01,northeurope,VM,75,1436,490,88.94,0.88,False
2023-02-01,eastus,Storage,90,1278,456,88.94,0.88,False
2023-02-01,southeastasia,VM,92,1454,450,88.94,0.88,False
2023-02-02,westus,Container,89,1060,456,108.13,1.14,False
2023-02-02,westus,Storage,71,975,262,108.13,1.14,False
2023-02-02,westus,VM,90,1188,347,108.13,1.14,False
2023-02-02,southeastasia,Container,96,1509,393,108.13,1.14,False
2023-02-02,southeastasia,Storage,67,1268,277,108.13,1.14,False
2023-02-02,southeastasia,VM,65,1947,218,108.13,1.14,False
2023-02-02,northeurope,Storage,68,1841,231,108.13,1.14,False
2023-02-02,northeurope,VM,81,1664,414,108.13,1.14,False
2023-02-02,eastus,Container,56,1348,283,108.13,1.14,False
2023-02-02,eastus,Storage,75,655,248,108.13,1.14,False
2023-02-02,eastus,VM,78,562,349,108.13,1.14,False
2023-02-02,northeurope,Container,79,784,485,108.13,1.14,False
2023-02-03,westus,Container,77,1701,207,99.28,1.1,False
2023-02-03,westus,Storage,59,661,286,99.28,1.1,False
2023-02-03,westus,VM,88,1299,465,99.28,1.1,False
2023-02-03,southeastasia,Container,83,595,287,99.28,1.1,False
2023-02-03,southeastasia,Storage,82,1506,463,99.28,1.1,False
2023-02-03,southeastasia,VM,96,1752,266,99.28,1.1,False
2023-02-03,northeurope,Container,57,1577,448,99.28,1.1,False
2023-02-03,northeurope,VM,50,812,446,99.28,1.1,False
2023-02-03,eastus,Container,50,1787,254,99.28,1.1,False
2023-02-03,eastus,Storage,79,1446,331,99.28,1.1,False
2023-02-03,eastus,VM,77,1636,313,99.28,1.1,False
2023-02-03,northeurope,Storage,52,942,454,99.28,1.1,False
2023-02-04,westus,Container,68,1904,235,103.62,0.94,True
2023-02-04,westus,Storage,82,650,284,103.62,0.94,True
2023-02-04,westus,VM,97,506,462,103.62,0.94,True
2023-02-04,southeastasia,Container,79,1404,425,103.62,0.94,True
2023-02-04,southeastasia,Storage,54,1304,455,103.62,0.94,True
2023-02-04,southeastasia,VM,72,1642,219,103.62,0.94,True
2023-02-04,northeurope,Container,69,1245,394,103.62,0.94,True
2023-02-04,northeurope,Storage,51,1314,396,103.62,0.94,True
2023-02-04,northeurope,VM,78,1199,281,103.62,0.94,True
2023-02-04,eastus,Container,70,1409,422,103.62,0.94,True
2023-02-04,eastus,Storage,95,990,364,103.62,0.94,True
2023-02-04,eastus,VM,63,1811,319,103.62,0.94,True
2023-02-05,westus,Storage,63,1020,239,103.61,1.15,True
2023-02-05,westus,VM,66,1638,408,103.61,1.15,True
2023-02-05,southeastasia,Container,70,541,240,103.61,1.15,True
2023-02-05,southeastasia,Storage,86,574,345,103.61,1.15,True
2023-02-05,southeastasia,VM,94,1109,414,103.61,1.15,True
2023-02-05,westus,Container,51,736,480,103.61,1.15,True
2023-02-05,northeurope,Storage,71,1758,203,103.61,1.15,True
2023-02-05,northeurope,VM,88,1724,445,103.61,1.15,True
2023-02-05,eastus,Container,95,627,423,103.61,1.15,True
2023-02-05,eastus,Storage,66,1213,357,103.61,1.15,True
2023-02-05,eastus,VM,93,1353,479,103.61,1.15,True
2023-02-05,northeurope,Container,75,941,228,103.61,1.15,True
2023-02-06,westus,Storage,89,1109,467,99.64,1.16,False
2023-02-06,westus,VM,80,1145,418,99.64,1.16,False
2023-02-06,southeastasia,Container,98,686,494,99.64,1.16,False
2023-02-06,southeastasia,Storage,89,510,363,99.64,1.16,False
2023-02-06,southeastasia,VM,78,648,466,99.64,1.16,False
2023-02-06,westus,Container,94,1320,372,99.64,1.16,False
2023-02-06,northeurope,Storage,95,629,392,99.64,1.16,False
2023-02-06,northeurope,VM,66,1421,389,99.64,1.16,False
2023-02-06,eastus,Container,72,841,226,99.64,1.16,False
2023-02-06,eastus,Storage,86,1676,275,99.64,1.16,False
2023-02-06,eastus,VM,87,533,216,99.64,1.16,False
2023-02-06,northeurope,Container,85,1894,481,99.64,1.16,False
2023-02-07,westus,Container,75,1973,272,73.8,1.08,False
2023-02-07,westus,Storage,68,1767,400,73.8,1.08,False
2023-02-07,westus,VM,85,1250,347,73.8,1.08,False
2023-02-07,southeastasia,Container,83,1023,474,73.8,1.08,False
2023-02-07,southeastasia,Storage,93,671,301,73.8,1.08,False
2023-02-07,southeastasia,VM,88,630,428,73.8,1.08,False
2023-02-07,northeurope,Container,92,541,224,73.8,1.08,False
2023-02-07,northeurope,VM,58,795,216,73.8,1.08,False
2023-02-07,eastus,Container,71,568,488,73.8,1.08,False
2023-02-07,eastus,Storage,96,1163,445,73.8,1.08,False
2023-02-07,eastus,VM,89,1750,297,73.8,1.08,False
2023-02-07,northeurope,Storage,50,1740,260,73.8,1.08,False
2023-02-08,southeastasia,Storage,56,834,316,100.87,0.97,False
2023-02-08,westus,Storage,72,873,397,100.87,0.97,False
2023-02-08,westus,VM,80,1160,280,100.87,0.97,False
2023-02-08,southeastasia,Container,56,636,375,100.87,0.97,False
2023-02-08,southeastasia,VM,70,1609,449,100.87,0.97,False
2023-02-08,westus,Container,57,965,288,100.87,0.97,False
2023-02-08,northeurope,Storage,96,1811,465,100.87,0.97,False
2023-02-08,eastus,VM,86,1567,216,100.87,0.97,False
2023-02-08,eastus,Storage,59,511,279,100.87,0.97,False
2023-02-08,northeurope,Container,65,1210,481,100.87,0.97,False
2023-02-08,northeurope,VM,61,988,225,100.87,0.97,False
2023-02-08,eastus,Container,73,838,463,100.87,0.97,False
2023-02-09,westus,Storage,84,1119,387,100.92,0.8,False
2023-02-09,westus,VM,66,1682,351,100.92,0.8,False
2023-02-09,southeastasia,Container,51,810,426,100.92,0.8,False
2023-02-09,southeastasia,Storage,82,515,307,100.92,0.8,False
2023-02-09,southeastasia,VM,78,1481,409,100.92,0.8,False
2023-02-09,westus,Container,94,1621,330,100.92,0.8,False
2023-02-09,northeurope,Storage,72,863,238,100.92,0.8,False
2023-02-09,northeurope,VM,86,1694,382,100.92,0.8,False
2023-02-09,eastus,Container,79,871,302,100.92,0.8,False
2023-02-09,eastus,Storage,78,1093,422,100.92,0.8,False
2023-02-09,eastus,VM,57,1326,414,100.92,0.8,False
2023-02-09,northeurope,Container,64,996,203,100.92,0.8,False
2023-02-10,westus,Container,93,1762,465,97.8,1.04,False
2023-02-10,westus,Storage,93,1196,471,97.8,1.04,False
2023-02-10,westus,VM,98,976,444,97.8,1.04,False
2023-02-10,southeastasia,Container,86,560,397,97.8,1.04,False
2023-02-10,southeastasia,Storage,95,1084,339,97.8,1.04,False
2023-02-10,southeastasia,VM,86,931,392,97.8,1.04,False
2023-02-10,northeurope,Container,79,823,345,97.8,1.04,False
2023-02-10,northeurope,VM,79,1420,264,97.8,1.04,False
2023-02-10,eastus,Container,81,1562,228,97.8,1.04,False
2023-02-10,eastus,VM,91,1045,450,97.8,1.04,False
2023-02-10,northeurope,Storage,79,502,341,97.8,1.04,False
2023-02-10,eastus,Storage,62,1664,473,97.8,1.04,False
2023-02-11,westus,Container,83,1324,417,114.78,0.95,True
2023-02-11,southeastasia,VM,84,1543,440,114.78,0.95,True
2023-02-11,westus,Storage,94,1889,306,114.78,0.95,True
2023-02-11,westus,VM,57,1833,442,114.78,0.95,True
2023-02-11,southeastasia,Container,67,561,344,114.78,0.95,True
2023-02-11,southeastasia,Storage,91,918,377,114.78,0.95,True
2023-02-11,northeurope,Container,72,1188,208,114.78,0.95,True
2023-02-11,northeurope,VM,90,1252,458,114.78,0.95,True
2023-02-11,eastus,Container,56,1063,459,114.78,0.95,True
2023-02-11,eastus,Storage,62,725,352,114.78,0.95,True
2023-02-11,eastus,VM,88,1963,210,114.78,0.95,True
2023-02-11,northeurope,Storage,55,553,246,114.78,0.95,True
2023-02-12,westus,Storage,60,1451,322,91.92,0.95,True
2023-02-12,westus,VM,63,1880,297,91.92,0.95,True
2023-02-12,southeastasia,Container,75,1413,236,91.92,0.95,True
2023-02-12,southeastasia,Storage,57,1774,375,91.92,0.95,True
2023-02-12,southeastasia,VM,73,1647,237,91.92,0.95,True
2023-02-12,westus,Container,77,1718,425,91.92,0.95,True
2023-02-12,northeurope,Storage,64,539,224,91.92,0.95,True
2023-02-12,northeurope,VM,61,669,208,91.92,0.95,True
2023-02-12,eastus,Container,96,1612,267,91.92,0.95,True
2023-02-12,eastus,Storage,84,1280,319,91.92,0.95,True
2023-02-12,eastus,VM,73,502,359,91.92,0.95,True
2023-02-12,northeurope,Container,54,1918,425,91.92,0.95,True
2023-02-13,westus,Container,76,1812,461,109.15,1.03,False
2023-02-13,westus,Storage,52,1563,239,109.15,1.03,False
2023-02-13,westus,VM,78,614,385,109.15,1.03,False
2023-02-13,southeastasia,Container,56,632,434,109.15,1.03,False
2023-02-13,southeastasia,Storage,76,921,387,109.15,1.03,False
2023-02-13,southeastasia,VM,74,1693,390,109.15,1.03,False
2023-02-13,northeurope,Container,97,1280,244,109.15,1.03,False
2023-02-13,northeurope,VM,73,1670,367,109.15,1.03,False
2023-02-13,eastus,Container,99,1563,423,109.15,1.03,False
2023-02-13,eastus,Storage,54,1472,280,109.15,1.03,False
2023-02-13,eastus,VM,97,1472,483,109.15,1.03,False
2023-02-13,northeurope,Storage,77,852,258,109.15,1.03,False
2023-02-14,southeastasia,Storage,90,1747,259,94.7,1.05,False
2023-02-14,westus,Storage,63,1088,211,94.7,1.05,False
2023-02-14,westus,VM,88,581,457,94.7,1.05,False
2023-02-14,southeastasia,Container,64,1745,236,94.7,1.05,False
2023-02-14,southeastasia,VM,97,1849,273,94.7,1.05,False
2023-02-14,westus,Container,88,1747,212,94.7,1.05,False
2023-02-14,northeurope,Storage,66,859,422,94.7,1.05,False
2023-02-14,northeurope,VM,95,1636,432,94.7,1.05,False
2023-02-14,eastus,Container,92,1960,357,94.7,1.05,False
2023-02-14,eastus,Storage,80,1034,359,94.7,1.05,False
2023-02-14,eastus,VM,94,1325,448,94.7,1.05,False
2023-02-14,northeurope,Container,83,1199,362,94.7,1.05,False
2023-02-15,westus,Container,67,805,469,100.97,1.1,False
2023-02-15,westus,Storage,71,973,319,100.97,1.1,False
2023-02-15,westus,VM,66,1023,392,100.97,1.1,False
2023-02-15,southeastasia,Container,72,1953,425,100.97,1.1,False
2023-02-15,southeastasia,Storage,96,578,257,100.97,1.1,False
2023-02-15,southeastasia,VM,60,1556,333,100.97,1.1,False
2023-02-15,northeurope,Container,61,1530,228,100.97,1.1,False
2023-02-15,northeurope,Storage,85,1262,426,100.97,1.1,False
2023-02-15,northeurope,VM,96,784,403,100.97,1.1,False
2023-02-15,eastus,Container,53,1230,391,100.97,1.1,False
2023-02-15,eastus,Storage,69,983,441,100.97,1.1,False
2023-02-15,eastus,VM,78,777,395,100.97,1.1,False
2023-02-16,westus,Storage,63,1607,221,92.98,0.97,False
2023-02-16,westus,VM,81,1653,374,92.98,0.97,False
2023-02-16,southeastasia,Container,61,1794,407,92.98,0.97,False
2023-02-16,southeastasia,Storage,98,1292,479,92.98,0.97,False
2023-02-16,southeastasia,VM,87,1685,362,92.98,0.97,False
2023-02-16,westus,Container,60,1348,435,92.98,0.97,False
2023-02-16,northeurope,Storage,96,1368,283,92.98,0.97,False
2023-02-16,northeurope,VM,77,1488,220,92.98,0.97,False
2023-02-16,eastus,Container,78,656,274,92.98,0.97,False
2023-02-16,eastus,Storage,62,538,470,92.98,0.97,False
2023-02-16,eastus,VM,78,1015,298,92.98,0.97,False
2023-02-16,northeurope,Container,55,1976,456,92.98,0.97,False
2023-02-17,westus,Storage,73,877,245,96.08,0.85,False
2023-02-17,westus,VM,99,698,380,96.08,0.85,False
2023-02-17,southeastasia,Container,66,571,476,96.08,0.85,False
2023-02-17,southeastasia,Storage,60,1587,404,96.08,0.85,False
2023-02-17,southeastasia,VM,51,1867,271,96.08,0.85,False
2023-02-17,westus,Container,64,1676,421,96.08,0.85,False
2023-02-17,northeurope,Storage,93,1020,365,96.08,0.85,False
2023-02-17,northeurope,VM,63,954,472,96.08,0.85,False
2023-02-17,eastus,Container,64,1550,373,96.08,0.85,False
2023-02-17,eastus,Storage,78,1832,207,96.08,0.85,False
2023-02-17,eastus,VM,76,1583,344,96.08,0.85,False
2023-02-17,northeurope,Container,97,1516,413,96.08,0.85,False
2023-02-18,westus,Container,81,1986,279,102.96,1.03,True
2023-02-18,westus,Storage,66,1087,245,102.96,1.03,True
2023-02-18,westus,VM,71,1611,240,102.96,1.03,True
2023-02-18,southeastasia,Container,51,1689,289,102.96,1.03,True
2023-02-18,southeastasia,Storage,75,1417,302,102.96,1.03,True
2023-02-18,southeastasia,VM,82,1088,315,102.96,1.03,True
2023-02-18,northeurope,Container,82,501,424,102.96,1.03,True
2023-02-18,northeurope,VM,71,591,347,102.96,1.03,True
2023-02-18,eastus,Container,82,601,466,102.96,1.03,True
2023-02-18,eastus,Storage,87,510,416,102.96,1.03,True
2023-02-18,eastus,VM,67,1843,294,102.96,1.03,True
2023-02-18,northeurope,Storage,82,1213,441,102.96,1.03,True
2023-02-19,southeastasia,Storage,90,1373,213,100.05,0.98,True
2023-02-19,westus,Storage,81,1052,403,100.05,0.98,True
2023-02-19,westus,VM,58,1882,422,100.05,0.98,True
2023-02-19,southeastasia,Container,60,1477,211,100.05,0.98,True
2023-02-19,southeastasia,VM,75,1394,202,100.05,0.98,True
2023-02-19,westus,Container,57,1841,283,100.05,0.98,True
2023-02-19,northeurope,Storage,60,1607,407,100.05,0.98,True
2023-02-19,eastus,VM,95,621,342,100.05,0.98,True
2023-02-19,eastus,Storage,83,605,322,100.05,0.98,True
2023-02-19,northeurope,Container,53,1913,221,100.05,0.98,True
2023-02-19,northeurope,VM,96,750,206,100.05,0.98,True
2023-02-19,eastus,Container,55,508,461,100.05,0.98,True
2023-02-20,westus,Storage,81,806,499,85.85,0.96,False
2023-02-20,westus,VM,57,808,382,85.85,0.96,False
2023-02-20,southeastasia,Container,69,1304,203,85.85,0.96,False
2023-02-20,southeastasia,Storage,80,1456,223,85.85,0.96,False
2023-02-20,southeastasia,VM,64,852,412,85.85,0.96,False
2023-02-20,westus,Container,67,1413,410,85.85,0.96,False
2023-02-20,northeurope,Storage,52,1423,401,85.85,0.96,False
2023-02-20,northeurope,VM,71,1048,258,85.85,0.96,False
2023-02-20,eastus,Container,68,1249,372,85.85,0.96,False
2023-02-20,eastus,Storage,94,1766,321,85.85,0.96,False
2023-02-20,eastus,VM,72,1408,224,85.85,0.96,False
2023-02-20,northeurope,Container,84,944,292,85.85,0.96,False
2023-02-21,westus,Container,61,1760,217,96.57,0.92,False
2023-02-21,westus,Storage,88,1254,385,96.57,0.92,False
2023-02-21,westus,VM,83,1077,461,96.57,0.92,False
2023-02-21,southeastasia,Container,54,1504,240,96.57,0.92,False
2023-02-21,southeastasia,Storage,63,501,492,96.57,0.92,False
2023-02-21,southeastasia,VM,91,1439,213,96.57,0.92,False
2023-02-21,northeurope,Container,85,1251,286,96.57,0.92,False
2023-02-21,northeurope,VM,89,520,424,96.57,0.92,False
2023-02-21,eastus,Container,90,919,449,96.57,0.92,False
2023-02-21,eastus,VM,77,1887,219,96.57,0.92,False
2023-02-21,northeurope,Storage,84,1293,207,96.57,0.92,False
2023-02-21,eastus,Storage,73,1446,295,96.57,0.92,False
2023-02-22,westus,Container,50,1947,363,98.39,1.04,False
2023-02-22,southeastasia,VM,59,1343,456,98.39,1.04,False
2023-02-22,westus,Storage,84,1752,460,98.39,1.04,False
2023-02-22,westus,VM,74,527,265,98.39,1.04,False
2023-02-22,southeastasia,Container,92,1471,200,98.39,1.04,False
2023-02-22,southeastasia,Storage,54,1799,463,98.39,1.04,False
2023-02-22,northeurope,Container,63,1091,292,98.39,1.04,False
2023-02-22,northeurope,VM,94,1418,486,98.39,1.04,False
2023-02-22,eastus,Container,88,1337,344,98.39,1.04,False
2023-02-22,eastus,Storage,74,1607,329,98.39,1.04,False
2023-02-22,eastus,VM,96,513,430,98.39,1.04,False
2023-02-22,northeurope,Storage,60,1533,394,98.39,1.04,False
2023-02-23,westus,Storage,55,1119,450,118.86,1.02,False
2023-02-23,westus,VM,93,655,406,118.86,1.02,False
2023-02-23,southeastasia,Container,63,1535,475,118.86,1.02,False
2023-02-23,southeastasia,Storage,54,1684,378,118.86,1.02,False
2023-02-23,southeastasia,VM,55,984,444,118.86,1.02,False
2023-02-23,westus,Container,69,833,329,118.86,1.02,False
2023-02-23,northeurope,Storage,69,781,484,118.86,1.02,False
2023-02-23,northeurope,VM,58,1010,492,118.86,1.02,False
2023-02-23,eastus,Container,86,804,319,118.86,1.02,False
2023-02-23,eastus,Storage,92,1186,403,118.86,1.02,False
2023-02-23,eastus,VM,69,1807,320,118.86,1.02,False
2023-02-23,northeurope,Container,50,618,234,118.86,1.02,False
2023-02-24,westus,Container,69,650,325,102.58,0.99,False
2023-02-24,westus,Storage,72,1951,493,102.58,0.99,False
2023-02-24,westus,VM,80,1707,377,102.58,0.99,False
2023-02-24,southeastasia,Container,75,926,313,102.58,0.99,False
2023-02-24,southeastasia,Storage,83,1716,318,102.58,0.99,False
2023-02-24,southeastasia,VM,96,585,374,102.58,0.99,False
2023-02-24,northeurope,Container,57,1168,204,102.58,0.99,False
2023-02-24,northeurope,VM,94,807,433,102.58,0.99,False
2023-02-24,eastus,Container,99,1708,238,102.58,0.99,False
2023-02-24,eastus,Storage,92,625,416,102.58,0.99,False
2023-02-24,eastus,VM,99,1739,450,102.58,0.99,False
2023-02-24,northeurope,Storage,57,1864,328,102.58,0.99,False
2023-02-25,southeastasia,Storage,87,993,331,80.81,1.0,True
2023-02-25,westus,Storage,65,1576,268,80.81,1.0,True
2023-02-25,westus,VM,50,1670,486,80.81,1.0,True
2023-02-25,southeastasia,Container,87,518,281,80.81,1.0,True
2023-02-25,southeastasia,VM,62,1682,297,80.81,1.0,True
2023-02-25,westus,Container,90,1743,391,80.81,1.0,True
2023-02-25,northeurope,Storage,82,1612,375,80.81,1.0,True
2023-02-25,eastus,VM,67,1668,225,80.81,1.0,True
2023-02-25,eastus,Storage,57,802,431,80.81,1.0,True
2023-02-25,northeurope,Container,62,1084,444,80.81,1.0,True
2023-02-25,northeurope,VM,55,1074,272,80.81,1.0,True
2023-02-25,eastus,Container,98,1087,488,80.81,1.0,True
2023-02-26,westus,Container,74,1940,423,100.6,1.25,True
2023-02-26,westus,Storage,56,642,292,100.6,1.25,True
2023-02-26,westus,VM,70,1588,275,100.6,1.25,True
2023-02-26,southeastasia,Container,78,1677,352,100.6,1.25,True
2023-02-26,southeastasia,VM,52,584,481,100.6,1.25,True
2023-02-26,southeastasia,Storage,57,1315,316,100.6,1.25,True
2023-02-26,northeurope,Storage,75,1790,309,100.6,1.25,True
2023-02-26,northeurope,VM,98,790,301,100.6,1.25,True
2023-02-26,eastus,Container,73,1321,288,100.6,1.25,True
2023-02-26,eastus,Storage,68,1888,328,100.6,1.25,True
2023-02-26,eastus,VM,62,1500,478,100.6,1.25,True
2023-02-26,northeurope,Container,63,1341,464,100.6,1.25,True
2023-02-27,southeastasia,Storage,84,1667,305,98.08,1.03,False
2023-02-27,westus,Storage,64,1292,491,98.08,1.03,False
2023-02-27,westus,Container,60,550,470,98.08,1.03,False
2023-02-27,westus,VM,72,1118,316,98.08,1.03,False
2023-02-27,southeastasia,Container,85,1169,345,98.08,1.03,False
2023-02-27,southeastasia,VM,95,1250,355,98.08,1.03,False
2023-02-27,eastus,Storage,64,1823,427,98.08,1.03,False
2023-02-27,northeurope,Storage,71,1286,489,98.08,1.03,False
2023-02-27,northeurope,VM,53,1288,340,98.08,1.03,False
2023-02-27,eastus,Container,64,542,220,98.08,1.03,False
2023-02-27,eastus,VM,61,1656,492,98.08,1.03,False
2023-02-27,northeurope,Container,63,1463,251,98.08,1.03,False
2023-02-28,westus,Container,91,944,497,99.65,0.88,False
2023-02-28,westus,Storage,56,1458,440,99.65,0.88,False
2023-02-28,westus,VM,88,1408,358,99.65,0.88,False
2023-02-28,southeastasia,Container,58,509,320,99.65,0.88,False
2023-02-28,southeastasia,VM,71,1641,476,99.65,0.88,False
2023-02-28,southeastasia,Storage,71,1743,225,99.65,0.88,False
2023-02-28,northeurope,Storage,50,1695,372,99.65,0.88,False
2023-02-28,eastus,VM,51,1088,331,99.65,0.88,False
2023-02-28,eastus,Storage,75,1868,462,99.65,0.88,False
2023-02-28,northeurope,Container,91,1058,340,99.65,0.88,False
2023-02-28,northeurope,VM,85,1607,462,99.65,0.88,False
2023-02-28,eastus,Container,80,1631,273,99.65,0.88,False
2023-03-01,westus,Storage,85,1583,366,111.43,1.08,False
2023-03-01,westus,VM,99,1163,218,111.43,1.08,False
2023-03-01,southeastasia,Container,64,918,359,111.43,1.08,False
2023-03-01,southeastasia,Storage,66,1161,492,111.43,1.08,False
2023-03-01,southeastasia,VM,82,1130,348,111.43,1.08,False
2023-03-01,westus,Container,59,1356,345,111.43,1.08,False
2023-03-01,northeurope,Storage,54,1186,248,111.43,1.08,False
2023-03-01,northeurope,VM,68,1492,441,111.43,1.08,False
2023-03-01,eastus,Container,76,1816,267,111.43,1.08,False
2023-03-01,eastus,Storage,65,1572,353,111.43,1.08,False
2023-03-01,eastus,VM,91,1083,351,111.43,1.08,False
2023-03-01,northeurope,Container,84,1631,425,111.43,1.08,False
2023-03-02,westus,Container,95,1741,301,107.91,0.91,False
2023-03-02,westus,Storage,88,958,479,107.91,0.91,False
2023-03-02,westus,VM,56,1897,324,107.91,0.91,False
2023-03-02,southeastasia,Container,62,1060,329,107.91,0.91,False
2023-03-02,southeastasia,Storage,82,1593,395,107.91,0.91,False
2023-03-02,southeastasia,VM,52,572,335,107.91,0.91,False
2023-03-02,northeurope,Container,89,852,363,107.91,0.91,False
2023-03-02,northeurope,VM,91,787,366,107.91,0.91,False
2023-03-02,eastus,Container,74,1269,490,107.91,0.91,False
2023-03-02,eastus,VM,60,1149,277,107.91,0.91,False
2023-03-02,northeurope,Storage,94,1505,235,107.91,0.91,False
2023-03-02,eastus,Storage,62,1008,453,107.91,0.91,False
2023-03-03,westus,Container,87,1732,490,114.03,0.86,False
2023-03-03,southeastasia,VM,96,1516,407,114.03,0.86,False
2023-03-03,westus,Storage,72,1695,457,114.03,0.86,False
2023-03-03,westus,VM,52,841,329,114.03,0.86,False
2023-03-03,southeastasia,Container,65,1535,344,114.03,0.86,False
2023-03-03,southeastasia,Storage,91,945,357,114.03,0.86,False
2023-03-03,northeurope,Container,85,952,486,114.03,0.86,False
2023-03-03,northeurope,VM,83,1994,485,114.03,0.86,False
2023-03-03,eastus,VM,54,927,226,114.03,0.86,False
2023-03-03,northeurope,Storage,57,1161,499,114.03,0.86,False
2023-03-03,eastus,Container,87,566,499,114.03,0.86,False
2023-03-03,eastus,Storage,81,648,463,114.03,0.86,False
2023-03-04,westus,Storage,79,648,283,105.87,1.22,True
2023-03-04,westus,VM,54,1771,320,105.87,1.22,True
2023-03-04,southeastasia,Container,76,1260,379,105.87,1.22,True
2023-03-04,southeastasia,Storage,90,840,457,105.87,1.22,True
2023-03-04,southeastasia,VM,99,1248,265,105.87,1.22,True
2023-03-04,westus,Container,55,905,430,105.87,1.22,True
2023-03-04,northeurope,Storage,61,1237,341,105.87,1.22,True
2023-03-04,northeurope,VM,81,1684,471,105.87,1.22,True
2023-03-04,eastus,Container,77,1126,303,105.87,1.22,True
2023-03-04,eastus,Storage,65,736,478,105.87,1.22,True
2023-03-04,eastus,VM,65,1479,202,105.87,1.22,True
2023-03-04,northeurope,Container,85,980,350,105.87,1.22,True
2023-03-05,westus,Container,67,1952,490,90.09,0.94,True
2023-03-05,westus,Storage,98,541,365,90.09,0.94,True
2023-03-05,westus,VM,91,511,438,90.09,0.94,True
2023-03-05,southeastasia,Container,84,1989,405,90.09,0.94,True
2023-03-05,southeastasia,Storage,51,1358,329,90.09,0.94,True
2023-03-05,southeastasia,VM,58,898,362,90.09,0.94,True
2023-03-05,northeurope,Container,65,1530,213,90.09,0.94,True
2023-03-05,northeurope,VM,79,1739,357,90.09,0.94,True
2023-03-05,eastus,Container,71,1839,300,90.09,0.94,True
2023-03-05,eastus,VM,72,1719,461,90.09,0.94,True
2023-03-05,northeurope,Storage,63,633,266,90.09,0.94,True
2023-03-05,eastus,Storage,84,905,342,90.09,0.94,True
2023-03-06,westus,Container,52,982,224,101.0,0.95,False
2023-03-06,southeastasia,Storage,67,1488,359,101.0,0.95,False
2023-03-06,westus,Storage,65,1321,437,101.0,0.95,False
2023-03-06,westus,VM,63,1332,309,101.0,0.95,False
2023-03-06,southeastasia,Container,78,542,453,101.0,0.95,False
2023-03-06,southeastasia,VM,77,1042,219,101.0,0.95,False
2023-03-06,northeurope,Storage,64,1696,211,101.0,0.95,False
2023-03-06,northeurope,VM,62,1640,224,101.0,0.95,False
2023-03-06,eastus,Container,82,663,294,101.0,0.95,False
2023-03-06,eastus,Storage,51,1292,452,101.0,0.95,False
2023-03-06,eastus,VM,69,765,224,101.0,0.95,False
2023-03-06,northeurope,Container,81,627,295,101.0,0.95,False
2023-03-07,westus,Storage,80,1579,282,84.49,1.01,False
2023-03-07,westus,VM,60,1189,452,84.49,1.01,False
2023-03-07,southeastasia,Container,88,1903,420,84.49,1.01,False
2023-03-07,southeastasia,Storage,88,1284,300,84.49,1.01,False
2023-03-07,southeastasia,VM,82,1783,459,84.49,1.01,False
2023-03-07,westus,Container,58,1622,348,84.49,1.01,False
2023-03-07,northeurope,Storage,95,1382,462,84.49,1.01,False
2023-03-07,northeurope,VM,58,1679,389,84.49,1.01,False
2023-03-07,eastus,Container,68,1277,329,84.49,1.01,False
2023-03-07,eastus,Storage,68,786,204,84.49,1.01,False
2023-03-07,eastus,VM,51,1583,350,84.49,1.01,False
2023-03-07,northeurope,Container,65,899,451,84.49,1.01,False
2023-03-08,westus,Container,51,904,445,89.38,1.05,False
2023-03-08,westus,Storage,56,1097,332,89.38,1.05,False
2023-03-08,westus,VM,77,1481,213,89.38,1.05,False
2023-03-08,southeastasia,Container,85,964,387,89.38,1.05,False
2023-03-08,southeastasia,Storage,67,672,359,89.38,1.05,False
2023-03-08,southeastasia,VM,94,1736,380,89.38,1.05,False
2023-03-08,northeurope,Container,62,712,441,89.38,1.05,False
2023-03-08,northeurope,VM,87,1160,337,89.38,1.05,False
2023-03-08,eastus,Container,84,1018,354,89.38,1.05,False
2023-03-08,eastus,Storage,99,1586,315,89.38,1.05,False
2023-03-08,eastus,VM,85,623,430,89.38,1.05,False
2023-03-08,northeurope,Storage,72,1946,264,89.38,1.05,False
2023-03-09,southeastasia,Storage,99,731,476,90.81,1.15,False
2023-03-09,westus,Storage,90,1959,241,90.81,1.15,False
2023-03-09,westus,VM,67,1243,426,90.81,1.15,False
2023-03-09,westus,Container,70,1053,312,90.81,1.15,False
2023-03-09,southeastasia,Container,77,1214,446,90.81,1.15,False
2023-03-09,southeastasia,VM,78,1620,209,90.81,1.15,False
2023-03-09,eastus,Container,83,1123,451,90.81,1.15,False
2023-03-09,northeurope,Storage,58,924,328,90.81,1.15,False
2023-03-09,northeurope,VM,90,691,216,90.81,1.15,False
2023-03-09,eastus,Storage,75,1009,395,90.81,1.15,False
2023-03-09,eastus,VM,60,1202,455,90.81,1.15,False
2023-03-09,northeurope,Container,51,1071,247,90.81,1.15,False
2023-03-10,westus,Container,72,542,308,92.17,0.97,False
2023-03-10,westus,Storage,86,1531,399,92.17,0.97,False
2023-03-10,westus,VM,68,1080,286,92.17,0.97,False
2023-03-10,southeastasia,Container,92,941,460,92.17,0.97,False
2023-03-10,southeastasia,Storage,56,998,227,92.17,0.97,False
2023-03-10,southeastasia,VM,60,935,410,92.17,0.97,False
2023-03-10,northeurope,Container,89,865,427,92.17,0.97,False
2023-03-10,northeurope,Storage,54,647,476,92.17,0.97,False
2023-03-10,northeurope,VM,73,1163,216,92.17,0.97,False
2023-03-10,eastus,Container,66,1455,372,92.17,0.97,False
2023-03-10,eastus,Storage,57,1444,278,92.17,0.97,False
2023-03-10,eastus,VM,83,1275,413,92.17,0.97,False
2023-03-11,westus,Storage,85,1905,277,108.14,0.88,True
2023-03-11,westus,VM,89,1420,248,108.14,0.88,True
2023-03-11,southeastasia,Container,66,1435,382,108.14,0.88,True
2023-03-11,southeastasia,Storage,60,1021,470,108.14,0.88,True
2023-03-11,southeastasia,VM,81,1391,425,108.14,0.88,True
2023-03-11,westus,Container,90,668,416,108.14,0.88,True
2023-03-11,northeurope,Storage,61,1269,468,108.14,0.88,True
2023-03-11,northeurope,VM,99,648,363,108.14,0.88,True
2023-03-11,eastus,Container,66,1746,335,108.14,0.88,True
2023-03-11,eastus,Storage,59,1491,419,108.14,0.88,True
2023-03-11,eastus,VM,54,849,207,108.14,0.88,True
2023-03-11,northeurope,Container,81,850,487,108.14,0.88,True
2023-03-12,westus,Storage,81,1745,318,102.27,1.13,True
2023-03-12,westus,VM,98,1387,321,102.27,1.13,True
2023-03-12,southeastasia,Container,71,1161,434,102.27,1.13,True
2023-03-12,southeastasia,Storage,81,702,455,102.27,1.13,True
2023-03-12,southeastasia,VM,56,1162,435,102.27,1.13,True
2023-03-12,westus,Container,88,996,467,102.27,1.13,True
2023-03-12,northeurope,Storage,70,1920,348,102.27,1.13,True
2023-03-12,northeurope,VM,90,1442,217,102.27,1.13,True
2023-03-12,eastus,Container,93,1811,373,102.27,1.13,True
2023-03-12,eastus,Storage,74,1289,412,102.27,1.13,True
2023-03-12,eastus,VM,58,987,323,102.27,1.13,True
2023-03-12,northeurope,Container,57,801,437,102.27,1.13,True
2023-03-13,westus,Container,92,920,388,83.93,1.02,False
2023-03-13,westus,Storage,93,960,477,83.93,1.02,False
2023-03-13,westus,VM,99,1986,287,83.93,1.02,False
2023-03-13,southeastasia,Container,57,628,460,83.93,1.02,False
2023-03-13,southeastasia,Storage,91,1709,343,83.93,1.02,False
2023-03-13,southeastasia,VM,86,1634,335,83.93,1.02,False
2023-03-13,northeurope,Container,88,607,480,83.93,1.02,False
2023-03-13,northeurope,VM,82,1195,202,83.93,1.02,False
2023-03-13,eastus,Container,78,712,482,83.93,1.02,False
2023-03-13,eastus,Storage,62,1989,457,83.93,1.02,False
2023-03-13,eastus,VM,74,1033,484,83.93,1.02,False
2023-03-13,northeurope,Storage,68,522,229,83.93,1.02,False
2023-03-14,southeastasia,Storage,68,1624,385,102.6,1.08,False
2023-03-14,westus,Storage,90,611,212,102.6,1.08,False
2023-03-14,westus,VM,76,1422,265,102.6,1.08,False
2023-03-14,southeastasia,Container,53,1904,331,102.6,1.08,False
2023-03-14,southeastasia,VM,60,1514,269,102.6,1.08,False
2023-03-14,westus,Container,58,999,285,102.6,1.08,False
2023-03-14,northeurope,Storage,61,708,213,102.6,1.08,False
2023-03-14,eastus,VM,52,948,303,102.6,1.08,False
2023-03-14,eastus,Storage,84,1747,209,102.6,1.08,False
2023-03-14,northeurope,Container,83,1960,219,102.6,1.08,False
2023-03-14,northeurope,VM,91,1101,253,102.6,1.08,False
2023-03-14,eastus,Container,70,801,430,102.6,1.08,False
2023-03-15,westus,Storage,56,1015,420,87.63,0.87,False
2023-03-15,westus,VM,94,1543,472,87.63,0.87,False
2023-03-15,southeastasia,Container,80,1367,391,87.63,0.87,False
2023-03-15,southeastasia,Storage,61,1041,316,87.63,0.87,False
2023-03-15,southeastasia,VM,71,1163,308,87.63,0.87,False
2023-03-15,westus,Container,63,835,385,87.63,0.87,False
2023-03-15,northeurope,Storage,83,1093,358,87.63,0.87,False
2023-03-15,northeurope,VM,53,1265,223,87.63,0.87,False
2023-03-15,eastus,Container,87,1441,459,87.63,0.87,False
2023-03-15,eastus,Storage,75,1992,401,87.63,0.87,False
2023-03-15,eastus,VM,69,1035,426,87.63,0.87,False
2023-03-15,northeurope,Container,68,1842,410,87.63,0.87,False
2023-03-16,westus,Container,94,660,397,105.22,1.03,False
2023-03-16,westus,Storage,96,1470,317,105.22,1.03,False
2023-03-16,westus,VM,98,1262,450,105.22,1.03,False
2023-03-16,southeastasia,Container,59,549,458,105.22,1.03,False
2023-03-16,southeastasia,Storage,65,1336,260,105.22,1.03,False
2023-03-16,southeastasia,VM,60,636,289,105.22,1.03,False
2023-03-16,northeurope,Container,96,577,323,105.22,1.03,False
2023-03-16,northeurope,VM,53,1159,439,105.22,1.03,False
2023-03-16,eastus,Container,98,1706,345,105.22,1.03,False
2023-03-16,eastus,VM,68,931,372,105.22,1.03,False
2023-03-16,northeurope,Storage,96,898,397,105.22,1.03,False
2023-03-16,eastus,Storage,85,1873,382,105.22,1.03,False
2023-03-17,westus,Container,54,855,269,102.5,1.03,False
2023-03-17,southeastasia,VM,55,1308,381,102.5,1.03,False
2023-03-17,westus,Storage,78,548,273,102.5,1.03,False
2023-03-17,westus,VM,95,1421,268,102.5,1.03,False
2023-03-17,southeastasia,Container,80,1484,235,102.5,1.03,False
2023-03-17,southeastasia,Storage,95,1887,387,102.5,1.03,False
2023-03-17,northeurope,Container,73,1836,299,102.5,1.03,False
2023-03-17,northeurope,VM,75,1783,325,102.5,1.03,False
2023-03-17,eastus,Container,68,1949,234,102.5,1.03,False
2023-03-17,eastus,Storage,94,1209,250,102.5,1.03,False
2023-03-17,eastus,VM,62,753,317,102.5,1.03,False
2023-03-17,northeurope,Storage,88,1818,328,102.5,1.03,False
2023-03-18,westus,Storage,80,704,269,93.2,1.02,True
2023-03-18,westus,VM,63,1131,381,93.2,1.02,True
2023-03-18,southeastasia,Container,97,698,353,93.2,1.02,True
2023-03-18,southeastasia,Storage,60,1671,342,93.2,1.02,True
2023-03-18,southeastasia,VM,55,1138,359,93.2,1.02,True
2023-03-18,westus,Container,93,1340,427,93.2,1.02,True
2023-03-18,northeurope,Storage,92,1964,220,93.2,1.02,True
2023-03-18,northeurope,VM,92,1095,449,93.2,1.02,True
2023-03-18,eastus,Container,56,662,419,93.2,1.02,True
2023-03-18,eastus,Storage,79,1865,419,93.2,1.02,True
2023-03-18,eastus,VM,70,1425,305,93.2,1.02,True
2023-03-18,northeurope,Container,53,1189,206,93.2,1.02,True
2023-03-19,westus,Container,91,1516,285,102.93,0.93,True
2023-03-19,westus,Storage,99,1128,395,102.93,0.93,True
2023-03-19,westus,VM,75,1483,360,102.93,0.93,True
2023-03-19,southeastasia,Container,50,1341,204,102.93,0.93,True
2023-03-19,southeastasia,Storage,55,697,297,102.93,0.93,True
2023-03-19,southeastasia,VM,98,1028,297,102.93,0.93,True
2023-03-19,northeurope,Container,90,922,285,102.93,0.93,True
2023-03-19,northeurope,VM,82,1092,351,102.93,0.93,True
2023-03-19,eastus,Container,67,1654,286,102.93,0.93,True
2023-03-19,eastus,Storage,86,813,220,102.93,0.93,True
2023-03-19,eastus,VM,93,1395,341,102.93,0.93,True
2023-03-19,northeurope,Storage,83,527,242,102.93,0.93,True
2023-03-20,southeastasia,Storage,64,875,431,118.66,1.05,False
2023-03-20,westus,Storage,73,1817,258,118.66,1.05,False
2023-03-20,westus,Container,59,1110,391,118.66,1.05,False
2023-03-20,southeastasia,Container,70,578,413,118.66,1.05,False
2023-03-20,southeastasia,VM,95,1383,413,118.66,1.05,False
2023-03-20,westus,VM,88,1609,275,118.66,1.05,False
2023-03-20,northeurope,Storage,56,776,219,118.66,1.05,False
2023-03-20,northeurope,VM,98,1459,231,118.66,1.05,False
2023-03-20,eastus,Container,65,934,324,118.66,1.05,False
2023-03-20,eastus,Storage,51,1341,297,118.66,1.05,False
2023-03-20,eastus,VM,51,521,311,118.66,1.05,False
2023-03-20,northeurope,Container,75,882,267,118.66,1.05,False
2023-03-21,westus,Storage,55,1178,478,88.09,1.07,False
2023-03-21,westus,VM,82,1511,426,88.09,1.07,False
2023-03-21,southeastasia,Container,67,1053,467,88.09,1.07,False
2023-03-21,southeastasia,Storage,64,737,303,88.09,1.07,False
2023-03-21,southeastasia,VM,57,1066,246,88.09,1.07,False
2023-03-21,westus,Container,74,878,377,88.09,1.07,False
2023-03-21,northeurope,Storage,61,507,496,88.09,1.07,False
2023-03-21,northeurope,VM,92,1208,466,88.09,1.07,False
2023-03-21,eastus,Container,74,1777,243,88.09,1.07,False
2023-03-21,eastus,Storage,77,1549,265,88.09,1.07,False
2023-03-21,eastus,VM,77,1281,367,88.09,1.07,False
2023-03-21,northeurope,Container,85,984,284,88.09,1.07,False
2023-03-22,westus,Container,79,1465,445,90.25,1.08,False
2023-03-22,westus,Storage,92,1112,459,90.25,1.08,False
2023-03-22,westus,VM,86,1427,375,90.25,1.08,False
2023-03-22,southeastasia,Container,80,746,327,90.25,1.08,False
2023-03-22,southeastasia,Storage,83,1783,301,90.25,1.08,False
2023-03-22,southeastasia,VM,70,1169,468,90.25,1.08,False
2023-03-22,northeurope,Container,50,1074,308,90.25,1.08,False
2023-03-22,northeurope,VM,68,1043,336,90.25,1.08,False
2023-03-22,eastus,Container,50,1514,207,90.25,1.08,False
2023-03-22,eastus,Storage,76,539,419,90.25,1.08,False
2023-03-22,eastus,VM,51,1274,458,90.25,1.08,False
2023-03-22,northeurope,Storage,61,1313,215,90.25,1.08,False
2023-03-23,southeastasia,Storage,72,1699,349,111.59,0.92,False
2023-03-23,westus,Container,73,1749,330,111.59,0.92,False
2023-03-23,westus,Storage,68,1900,412,111.59,0.92,False
2023-03-23,westus,VM,77,764,333,111.59,0.92,False
2023-03-23,southeastasia,Container,66,1336,307,111.59,0.92,False
2023-03-23,southeastasia,VM,83,540,274,111.59,0.92,False
2023-03-23,northeurope,Container,75,689,362,111.59,0.92,False
2023-03-23,northeurope,Storage,75,1800,355,111.59,0.92,False
2023-03-23,northeurope,VM,61,975,485,111.59,0.92,False
2023-03-23,eastus,Container,54,726,388,111.59,0.92,False
2023-03-23,eastus,Storage,74,1429,353,111.59,0.92,False
2023-03-23,eastus,VM,76,630,395,111.59,0.92,False
2023-03-24,westus,Container,69,623,200,109.63,1.04,False
2023-03-24,westus,Storage,77,1570,400,109.63,1.04,False
2023-03-24,westus,VM,83,1589,447,109.63,1.04,False
2023-03-24,southeastasia,Container,58,1344,406,109.63,1.04,False
2023-03-24,southeastasia,Storage,95,959,238,109.63,1.04,False
2023-03-24,southeastasia,VM,84,1836,316,109.63,1.04,False
2023-03-24,northeurope,Storage,52,1015,493,109.63,1.04,False
2023-03-24,northeurope,VM,57,1354,327,109.63,1.04,False
2023-03-24,eastus,Container,69,1392,471,109.63,1.04,False
2023-03-24,eastus,Storage,76,1430,488,109.63,1.04,False
2023-03-24,eastus,VM,60,1361,470,109.63,1.04,False
2023-03-24,northeurope,Container,64,1714,220,109.63,1.04,False
2023-03-25,southeastasia,Storage,52,1949,474,108.22,1.19,True
2023-03-25,westus,Container,57,1201,234,108.22,1.19,True
2023-03-25,westus,Storage,87,641,299,108.22,1.19,True
2023-03-25,westus,VM,83,1387,245,108.22,1.19,True
2023-03-25,southeastasia,Container,58,783,372,108.22,1.19,True
2023-03-25,southeastasia,VM,71,582,309,108.22,1.19,True
2023-03-25,eastus,VM,67,1638,424,108.22,1.19,True
2023-03-25,northeurope,Storage,89,1355,469,108.22,1.19,True
2023-03-25,northeurope,VM,68,1095,480,108.22,1.19,True
2023-03-25,eastus,Container,72,1966,290,108.22,1.19,True
2023-03-25,eastus,Storage,55,1774,418,108.22,1.19,True
2023-03-25,northeurope,Container,75,1113,414,108.22,1.19,True
2023-03-26,southeastasia,Storage,98,931,357,97.55,0.92,True
2023-03-26,westus,Storage,58,819,360,97.55,0.92,True
2023-03-26,westus,VM,89,964,485,97.55,0.92,True
2023-03-26,westus,Container,74,1726,426,97.55,0.92,True
2023-03-26,southeastasia,Container,61,1558,466,97.55,0.92,True
2023-03-26,southeastasia,VM,65,976,261,97.55,0.92,True
2023-03-26,eastus,Container,87,1960,363,97.55,0.92,True
2023-03-26,northeurope,Storage,90,567,463,97.55,0.92,True
2023-03-26,northeurope,VM,90,833,421,97.55,0.92,True
2023-03-26,eastus,Storage,68,1442,319,97.55,0.92,True
2023-03-26,eastus,VM,56,1586,272,97.55,0.92,True
2023-03-26,northeurope,Container,51,1650,454,97.55,0.92,True
2023-03-27,westus,Container,81,1588,207,91.1,0.92,False
2023-03-27,westus,Storage,66,981,415,91.1,0.92,False
2023-03-27,westus,VM,58,1847,234,91.1,0.92,False
2023-03-27,southeastasia,Container,53,1978,227,91.1,0.92,False
2023-03-27,southeastasia,Storage,70,1004,356,91.1,0.92,False
2023-03-27,southeastasia,VM,78,905,431,91.1,0.92,False
2023-03-27,northeurope,Storage,95,1058,214,91.1,0.92,False
2023-03-27,northeurope,VM,94,842,275,91.1,0.92,False
2023-03-27,eastus,Container,86,1512,400,91.1,0.92,False
2023-03-27,eastus,Storage,70,1848,475,91.1,0.92,False
2023-03-27,eastus,VM,95,1992,454,91.1,0.92,False
2023-03-27,northeurope,Container,90,1158,225,91.1,0.92,False
2023-03-28,southeastasia,Storage,87,548,389,99.23,1.03,False
2023-03-28,westus,Container,55,1229,482,99.23,1.03,False
2023-03-28,westus,Storage,71,1072,467,99.23,1.03,False
2023-03-28,westus,VM,57,1610,461,99.23,1.03,False
2023-03-28,southeastasia,Container,57,1054,289,99.23,1.03,False
2023-03-28,southeastasia,VM,69,1152,388,99.23,1.03,False
2023-03-28,eastus,VM,53,1929,275,99.23,1.03,False
2023-03-28,northeurope,Storage,94,1252,341,99.23,1.03,False
2023-03-28,northeurope,VM,57,1990,292,99.23,1.03,False
2023-03-28,eastus,Container,73,1685,456,99.23,1.03,False
2023-03-28,eastus,Storage,94,1078,393,99.23,1.03,False
2023-03-28,northeurope,Container,84,1955,436,99.23,1.03,False
2023-03-29,southeastasia,Storage,93,518,271,102.77,1.08,False
2023-03-29,westus,Storage,98,1052,216,102.77,1.08,False
2023-03-29,westus,VM,58,1867,236,102.77,1.08,False
2023-03-29,southeastasia,Container,57,1456,308,102.77,1.08,False
2023-03-29,westus,Container,73,1318,258,102.77,1.08,False
2023-03-29,southeastasia,VM,95,500,367,102.77,1.08,False
2023-03-29,northeurope,VM,88,682,240,102.77,1.08,False
2023-03-29,northeurope,Storage,88,896,391,102.77,1.08,False
2023-03-29,eastus,Container,92,881,432,102.77,1.08,False
2023-03-29,eastus,Storage,98,1203,305,102.77,1.08,False
2023-03-29,eastus,VM,88,840,444,102.77,1.08,False
2023-03-29,northeurope,Container,60,1406,326,102.77,1.08,False
2023-03-30,westus,Container,94,930,414,100.13,1.15,False
2023-03-30,westus,Storage,76,673,357,100.13,1.15,False
2023-03-30,southeastasia,Container,64,540,457,100.13,1.15,False
2023-03-30,southeastasia,Storage,98,831,442,100.13,1.15,False
2023-03-30,southeastasia,VM,96,911,283,100.13,1.15,False
2023-03-30,westus,VM,54,1019,352,100.13,1.15,False
2023-03-30,northeurope,Storage,51,1847,360,100.13,1.15,False
2023-03-30,northeurope,VM,98,1349,345,100.13,1.15,False
2023-03-30,eastus,Container,88,1487,449,100.13,1.15,False
2023-03-30,eastus,Storage,82,1824,289,100.13,1.15,False
2023-03-30,eastus,VM,61,944,439,100.13,1.15,False
2023-03-30,northeurope,Container,85,1093,346,100.13,1.15,False
2023-03-31,westus,VM,77,1270,283,97.35,1.27,False
2023-03-31,southeastasia,Container,67,919,298,97.35,1.27,False
2023-03-31,southeastasia,Storage,77,776,306,97.35,1.27,False
2023-03-31,southeastasia,VM,74,1802,493,97.35,1.27,False
2023-03-31,northeurope,Container,98,1650,422,97.35,1.27,False
2023-03-31,eastus,Container,58,1900,238,97.35,1.27,False
2023-03-31,northeurope,VM,51,1604,467,97.35,1.27,False
2023-03-31,eastus,Storage,51,1789,409,97.35,1.27,False
2023-03-31,eastus,VM,78,604,401,97.35,1.27,False
2023-03-31,westus,Storage,55,1166,316,97.35,1.27,False
2023-03-31,northeurope,Storage,84,734,412,97.35,1.27,False
2023-03-31,westus,Container,51,886,495,97.35,1.27,False
